{"cameraMode":{"drawMode":0,"name":"Shaded","section":"Shading Mode"},"sceneLighting":true,"audioPlay":false,"sceneViewState":{"showFog":true,"showMaterialUpdate":false,"showSkybox":true,"showFlares":true,"showImageEffects":true,"showParticleSystems":true},"in2DMode":false,"pivot":{"x":6.9698805809021,"y":0.9858757853507996,"z":7.999521255493164},"rotation":{"x":-0.36888134479522707,"y":0.5834881663322449,"z":-0.33587729930877688,"w":-0.6408309936523438},"size":11.235336303710938,"orthographic":false}